ABA_ROW_NAME,ABA_CODE,MATCH_VARIANT,SPECIES_CODE
Black-bellied Whistling-Duck,1.0,black bellied whistling duck,bkbwhd2
Fulvous Whistling-Duck,1.0,fulvous whistling duck,fuwduc
Emperor Goose,2.0,emperor goose,empgoo
Snow Goose,1.0,snow goose,snogoo
Ross's Goose,1.0,ross s goose,rosgoo
Graylag Goose,5.0,graylag goose,gragoo1
Greater White-fronted Goose,1.0,greater white fronted goose,gwfgoo3
Lesser White-fronted Goose,5.0,lesser white fronted goose,lwfgoo
Taiga Bean-Goose,3.0,taiga bean goose,taibeg1
Tundra Bean-Goose,3.0,tundra bean goose,tunbeg1
Pink-footed Goose,3.0,pink footed goose,pifgoo
Brant,1.0,brant,brant1
Barnacle Goose,3.0,barnacle goose,bargoo
Cackling Goose,1.0,cackling goose,tacgoo1
Canada Goose,1.0,canada goose,cangoo1
Hawaiian Goose,2.0,hawaiian goose,hawgoo
Mute Swan,1.0,mute swan,mutswa
Trumpeter Swan,1.0,trumpeter swan,truswa
Tundra Swan,1.0,tundra swan,tunswa2
Whooper Swan,3.0,whooper swan,whoswa
Egyptian Goose,2.0,egyptian goose,egygoo
Common Shelduck,4.0,common shelduck,comshe
Muscovy Duck,2.0,muscovy duck,musduc3
Wood Duck,1.0,wood duck,wooduc
Baikal Teal,4.0,baikal teal,baitea
Garganey,4.0,garganey,gargan
Blue-winged Teal,1.0,blue winged teal,buwtea
Cinnamon Teal,1.0,cinnamon teal,cintea5
Northern Shoveler,1.0,northern shoveler,norsho
Gadwall,1.0,gadwall,gadwal2
Falcated Duck,4.0,falcated duck,falduc
Eurasian Wigeon,2.0,eurasian wigeon,eurwig
American Wigeon,1.0,american wigeon,amewig
Laysan Duck,3.0,laysan duck,layduc
Hawaiian Duck,2.0,hawaiian duck,hawduc
Eastern Spot-billed Duck,4.0,eastern spot billed duck,spbduc
Mallard,1.0,mallard,mallar2
Mexican Duck,2.0,mexican duck,mexduc
American Black Duck,1.0,american black duck,ambduc
Mottled Duck,1.0,mottled duck,motduc2
White-cheeked Pintail,4.0,white cheeked pintail,whcpin2
Northern Pintail,1.0,northern pintail,norpin
Green-winged Teal,1.0,green winged teal,gnwtea1
Canvasback,1.0,canvasback,canvas
Redhead,1.0,redhead,redhea
Common Pochard,3.0,common pochard,compoc
Ring-necked Duck,1.0,ring necked duck,rinduc
Tufted Duck,3.0,tufted duck,tufduc
Greater Scaup,1.0,greater scaup,gresca
Lesser Scaup,1.0,lesser scaup,lessca
Steller's Eider,2.0,steller s eider,steeid
"Labrador Duck (extinct, 1858)",6.0,labrador duck,labduc
Spectacled Eider,2.0,spectacled eider,speeid
King Eider,2.0,king eider,kineid
Common Eider,1.0,common eider,comeid4
Harlequin Duck,1.0,harlequin duck,harduc
Surf Scoter,1.0,surf scoter,sursco
White-winged Scoter,1.0,white winged scoter,whwsco2
Stejneger's Scoter,3.0,stejneger s scoter,whwsco1
Common Scoter,5.0,common scoter,blksco1
Black Scoter,1.0,black scoter,blksco2
Long-tailed Duck,1.0,long tailed duck,lotduc
Bufflehead,1.0,bufflehead,buffle
Common Goldeneye,1.0,common goldeneye,comgol
Barrow's Goldeneye,1.0,barrow s goldeneye,bargol
Smew,3.0,smew,smew
Hooded Merganser,1.0,hooded merganser,hoomer
Common Merganser,1.0,common merganser,commer1
Red-breasted Merganser,1.0,red breasted merganser,rebmer
Masked Duck,3.0,masked duck,masduc
Ruddy Duck,1.0,ruddy duck,rudduc
,nan,nan,
Plain Chachalaca,2.0,plain chachalaca,placha
,nan,nan,
Mountain Quail,1.0,mountain quail,mouqua
Northern Bobwhite,1.0,northern bobwhite,masbob1
Scaled Quail,1.0,scaled quail,scaqua
California Quail,1.0,california quail,calqua
Gambel's Quail,1.0,gambel s quail,gamqua
Montezuma Quail,2.0,montezuma quail,monqua2
,nan,nan,
Wild Turkey,1.0,wild turkey,wiltur1
Ruffed Grouse,1.0,ruffed grouse,rufgro
Spruce Grouse,2.0,spruce grouse,sprgro9
Willow Ptarmigan,2.0,willow ptarmigan,wilpta2
Rock Ptarmigan,2.0,rock ptarmigan,rocpta1
White-tailed Ptarmigan,2.0,white tailed ptarmigan,whtpta1
Greater Sage-Grouse,1.0,greater sage grouse,saggro
Gunnison Sage-Grouse,2.0,gunnison sage grouse,gusgro
Dusky Grouse,2.0,dusky grouse,dusgro
Sooty Grouse,2.0,sooty grouse,soogro1
Sharp-tailed Grouse,2.0,sharp tailed grouse,shtgro
Greater Prairie-Chicken,2.0,greater prairie chicken,attprc1
Lesser Prairie-Chicken,2.0,lesser prairie chicken,lepchi
Gray Partridge,2.0,gray partridge,grypar
Ring-necked Pheasant,1.0,ring necked pheasant,rinphe37
Kalij Pheasant,2.0,kalij pheasant,kalphe
Indian Peafowl,2.0,indian peafowl,indpea1
Gray Francolin,2.0,gray francolin,gryfra
Black Francolin,2.0,black francolin,blkfra2
Red Junglefowl,2.0,red junglefowl,redjun1
Himalayan Snowcock,2.0,himalayan snowcock,himsno
Chukar,2.0,chukar,chukar
Erckel's Spurfowl (Francolin),2.0,erckel s spurfowl,ercfra
,nan,nan,
American Flamingo,3.0,american flamingo,grefla2
,nan,nan,
Least Grebe,2.0,least grebe,leagre
Pied-billed Grebe,1.0,pied billed grebe,pibgre
Horned Grebe,1.0,horned grebe,horgre
Red-necked Grebe,1.0,red necked grebe,rengre
Eared Grebe,1.0,eared grebe,eargre
Western Grebe,1.0,western grebe,wesgre
Clark's Grebe,1.0,clark s grebe,clagre
,nan,nan,
Chestnut-bellied Sandgrouse,3.0,chestnut bellied sandgrouse,chbsan3
,nan,nan,
Inca Dove,1.0,inca dove,incdov
Common Ground Dove,1.0,common ground dove,cogdov
Ruddy Ground Dove,3.0,ruddy ground dove,rugdov
Ruddy Quail-Dove,4.0,ruddy quail dove,rudqud2
Key West Quail-Dove,4.0,key west quail dove,kwqdov
White-tipped Dove,2.0,white tipped dove,whtdov3
White-winged Dove,1.0,white winged dove,whwdov
Zenaida Dove,4.0,zenaida dove,zendov
Mourning Dove,1.0,mourning dove,moudov
"Passenger Pigeon (extinct, 1914)",6.0,passenger pigeon,paspig
Band-tailed Pigeon,1.0,band tailed pigeon,batpig3
Scaly-naped Pigeon,5.0,scaly naped pigeon,scnpig1
White-crowned Pigeon,2.0,white crowned pigeon,whcpig2
Red-billed Pigeon,2.0,red billed pigeon,rebpig1
Spotted Dove,2.0,spotted dove,spodov2
Oriental Turtle-Dove,4.0,oriental turtle dove,ortdov
European Turtle-Dove,5.0,european turtle dove,eutdov
Eurasian Collared-Dove,1.0,eurasian collared dove,eucdov
African Collared-Dove (1969-1994),6.0,african collared dove,afrcod1
Common Wood-Pigeon (Wood Pigeon),5.0,common wood pigeon,comwop2
Rock Pigeon,1.0,rock pigeon,rocpig1
Zebra Dove,2.0,zebra dove,zebdov
,nan,nan,
Smooth-billed Ani,3.0,smooth billed ani,smbani
Groove-billed Ani,2.0,groove billed ani,grbani
Greater Roadrunner,1.0,greater roadrunner,greroa
Common Cuckoo,3.0,common cuckoo,comcuc
Oriental Cuckoo,4.0,oriental cuckoo,oricuc2
Dark-billed Cuckoo,5.0,dark billed cuckoo,dabcuc1
Yellow-billed Cuckoo,1.0,yellow billed cuckoo,yebcuc
Mangrove Cuckoo,2.0,mangrove cuckoo,mancuc
Black-billed Cuckoo,1.0,black billed cuckoo,bkbcuc
,nan,nan,
Lesser Nighthawk,1.0,lesser nighthawk,lesnig
Common Nighthawk,1.0,common nighthawk,comnig
Antillean Nighthawk,2.0,antillean nighthawk,antnig
Common Pauraque,2.0,common pauraque,compau
Common Poorwill,1.0,common poorwill,compoo
Chuck-will's-widow,1.0,chuck will s widow,chwwid
Buff-collared Nightjar,3.0,buff collared nightjar,bucnig
Eastern Whip-poor-will,1.0,eastern whip poor will,easwpw1
Mexican Whip-poor-will,2.0,mexican whip poor will,souwpw1
Gray Nightjar,5.0,gray nightjar,grynig1
,nan,nan,
Black Swift,2.0,black swift,blkswi3
White-collared Swift,4.0,white collared swift,whcswi
Chimney Swift,1.0,chimney swift,chiswi
Vaux's Swift,1.0,vaux s swift,vauswi4
White-throated Needletail,5.0,white throated needletail,whtnee2
Mariana Swiftlet,2.0,mariana swiftlet,marswi
Common Swift,4.0,common swift,comswi
Pacific (Fork-tailed) Swift,4.0,pacific swift,fotswi
White-throated Swift,1.0,white throated swift,whtswi
Antillean Palm Swift (Palm-Swift),5.0,antillean palm swift,anpswi
,nan,nan,
Mexican Violetear,3.0,mexican violetear,grnvie1
Green-breasted Mango,4.0,green breasted mango,gnbman
Rivoli's Hummingbird,2.0,rivoli s hummingbird,maghum1
Plain-capped Starthroat,4.0,plain capped starthroat,plcsta
Amethyst-throated Mountain-gem,5.0,amethyst throated mountain gem,amthum3
Blue-throated Mountain-gem,2.0,blue throated mountain gem,buthum
Lucifer Hummingbird,2.0,lucifer hummingbird,luchum
Ruby-throated Hummingbird,1.0,ruby throated hummingbird,rthhum
Black-chinned Hummingbird,1.0,black chinned hummingbird,bkchum
Bahama Woodstar,5.0,bahama woodstar,bahwoo
Anna's Hummingbird,1.0,anna s hummingbird,annhum
Costa's Hummingbird,1.0,costa s hummingbird,coshum
Calliope Hummingbird,1.0,calliope hummingbird,calhum
Rufous Hummingbird,1.0,rufous hummingbird,rufhum
Allen's Hummingbird,1.0,allen s hummingbird,allhum
Broad-tailed Hummingbird,1.0,broad tailed hummingbird,brthum
Bumblebee Hummingbird,5.0,bumblebee hummingbird,bumhum
Broad-billed Hummingbird,2.0,broad billed hummingbird,brbhum
White-eared Hummingbird,3.0,white eared hummingbird,whehum
Xantus's Hummingbird,5.0,xantus s hummingbird,xanhum
Violet-crowned Hummingbird,2.0,violet crowned hummingbird,vichum
Berylline Hummingbird,3.0,berylline hummingbird,berhum2
Cinnamon Hummingbird,5.0,cinnamon hummingbird,cinhum3
Buff-bellied Hummingbird,2.0,buff bellied hummingbird,bubhum2
,nan,nan,
Sungrebe,5.0,sungrebe,sungre1
,nan,nan,
Limpkin,2.0,limpkin,limpki2
,nan,nan,
Sandhill Crane,1.0,sandhill crane,sancra6
Common Crane,4.0,common crane,comcra
Hooded Crane,5.0,hooded crane,hoocra1
Whooping Crane,2.0,whooping crane,whocra
,nan,nan,
Spotted Rail,5.0,spotted rail,sporai
Paint-billed Crake,5.0,paint billed crake,pabcra
Rufous-necked Wood-Rail,5.0,rufous necked wood rail,rnwrai1
Ridgway's Rail,2.0,ridgway s rail,clarai5
King Rail,1.0,king rail,kinrai3
Clapper Rail,1.0,clapper rail,clarai9
Virginia Rail,1.0,virginia rail,virrai
Corn Crake,4.0,corn crake,corcra
Sora,1.0,sora,sora
Common Gallinule,1.0,common gallinule,commoo1
Eurasian (Common) Moorhen,5.0,eurasian moorhen,commoo3
Eurasian Coot,5.0,eurasian coot,eurcoo
Hawaiian Coot,2.0,hawaiian coot,hawcoo2
American Coot,1.0,american coot,carcoo1
Purple Gallinule,1.0,purple gallinule,purgal2
Gray-headed (Purple) Swamphen,2.0,gray headed swamphen,purswa3
Yellow Rail,2.0,yellow rail,yelrai2
Black Rail,2.0,black rail,blkrai3
Laysan Rail,6.0,laysan rail,layrai
Hawaiian Rail,6.0,hawaiian rail,hawrai
,nan,nan,
Double-striped Thick-knee,5.0,double striped thick knee,dstkne
,nan,nan,
Black-winged Stilt,5.0,black winged stilt,bkwsti
Black-necked Stilt,1.0,black necked stilt,bknsti3
American Avocet,1.0,american avocet,ameavo
,nan,nan,
Eurasian Oystercatcher,4.0,eurasian oystercatcher,euroys3
American Oystercatcher,1.0,american oystercatcher,ameoys
Black Oystercatcher,1.0,black oystercatcher,blkoys
,nan,nan,
Black-bellied Plover,1.0,black bellied plover,bkbplo
European Golden-Plover,4.0,european golden plover,eugplo
American Golden-Plover,1.0,american golden plover,amgplo
Pacific Golden-Plover,2.0,pacific golden plover,pagplo
Eurasian Dotterel,4.0,eurasian dotterel,eurdot
Killdeer,1.0,killdeer,killde
Common Ringed Plover,3.0,common ringed plover,corplo
Semipalmated Plover,1.0,semipalmated plover,semplo
Piping Plover,2.0,piping plover,pipplo
Little Ringed Plover,5.0,little ringed plover,lirplo2
Northern Lapwing,4.0,northern lapwing,norlap
Southern Lapwing,5.0,southern lapwing,soulap4
Siberian Sand-Plover,3.0,siberian sand plover,lessap2
Greater Sand-Plover,5.0,greater sand plover,grsplo
Wilson's Plover,1.0,wilson s plover,wilplo
Collared Plover,5.0,collared plover,colplo1
Mountain Plover,2.0,mountain plover,mouplo
Snowy Plover,1.0,snowy plover,snoplo4
Kentish Plover,5.0,kentish plover,snoplo2
,nan,nan,
Northern Jacana,4.0,northern jacana,norjac
,nan,nan,
Upland Sandpiper,1.0,upland sandpiper,uplsan
Bristle-thighed Curlew,2.0,bristle thighed curlew,brtcur
Whimbrel,1.0,whimbrel,whimbr2
Little Curlew,5.0,little curlew,litcur
"Eskimo Curlew (extinct, 1962)",6.0,eskimo curlew,eskcur
Long-billed Curlew,1.0,long billed curlew,lobcur
Far Eastern Curlew,4.0,far eastern curlew,faecur
Slender-billed Curlew,5.0,slender billed curlew,slbcur
Eurasian Curlew,5.0,eurasian curlew,eurcur
Bar-tailed Godwit,2.0,bar tailed godwit,batgod2
Black-tailed Godwit,3.0,black tailed godwit,bktgod4
Hudsonian Godwit,1.0,hudsonian godwit,hudgod
Marbled Godwit,1.0,marbled godwit,margod
Ruddy Turnstone,1.0,ruddy turnstone,rudtur
Black Turnstone,1.0,black turnstone,blktur
Great Knot,4.0,great knot,grekno
Red Knot,1.0,red knot,redkno
Surfbird,1.0,surfbird,surfbi
Ruff,3.0,ruff,ruff
Broad-billed Sandpiper,4.0,broad billed sandpiper,brbsan
Sharp-tailed Sandpiper,3.0,sharp tailed sandpiper,shtsan
Stilt Sandpiper,1.0,stilt sandpiper,stisan
Curlew Sandpiper,3.0,curlew sandpiper,cursan
Temminck's Stint,3.0,temminck s stint,temsti
Long-toed Stint,3.0,long toed stint,lotsti
Spoon-billed Sandpiper,4.0,spoon billed sandpiper,spbsan1
Red-necked Stint,3.0,red necked stint,rensti
Sanderling,1.0,sanderling,sander
Dunlin,1.0,dunlin,dunlin6
Rock Sandpiper,2.0,rock sandpiper,rocsan3
Purple Sandpiper,1.0,purple sandpiper,pursan
Baird's Sandpiper,1.0,baird s sandpiper,baisan
Little Stint,3.0,little stint,litsti
Least Sandpiper,1.0,least sandpiper,leasan
White-rumped Sandpiper,1.0,white rumped sandpiper,whrsan
Buff-breasted Sandpiper,1.0,buff breasted sandpiper,bubsan
Pectoral Sandpiper,1.0,pectoral sandpiper,pecsan
Semipalmated Sandpiper,1.0,semipalmated sandpiper,semsan
Western Sandpiper,1.0,western sandpiper,wessan
Short-billed Dowitcher,1.0,short billed dowitcher,shbdow3
Long-billed Dowitcher,1.0,long billed dowitcher,lobdow
Jack Snipe,4.0,jack snipe,jacsni
Eurasian Woodcock,5.0,eurasian woodcock,eurwoo
American Woodcock,1.0,american woodcock,amewoo
Solitary Snipe,5.0,solitary snipe,solsni1
Pin-tailed Snipe,4.0,pin tailed snipe,pitsni
Common Snipe,3.0,common snipe,comsni
Wilson's Snipe,1.0,wilson s snipe,wilsni1
Terek Sandpiper,3.0,terek sandpiper,tersan
Common Sandpiper,3.0,common sandpiper,comsan
Spotted Sandpiper,1.0,spotted sandpiper,sposan
Green Sandpiper,4.0,green sandpiper,grnsan
Solitary Sandpiper,1.0,solitary sandpiper,solsan2
Gray-tailed Tattler,3.0,gray tailed tattler,gyttat1
Wandering Tattler,1.0,wandering tattler,wantat1
Lesser Yellowlegs,1.0,lesser yellowlegs,lesyel
Willet,1.0,willet,willet3
Spotted Redshank,4.0,spotted redshank,spored
Common Greenshank,3.0,common greenshank,comgre
Greater Yellowlegs,1.0,greater yellowlegs,greyel
Common Redshank,4.0,common redshank,comred1
Wood Sandpiper,3.0,wood sandpiper,woosan
Marsh Sandpiper,4.0,marsh sandpiper,marsan
Wilson's Phalarope,1.0,wilson s phalarope,wilpha
Red-necked Phalarope,1.0,red necked phalarope,renpha
Red Phalarope,1.0,red phalarope,redpha1
,nan,nan,
Oriental Pratincole,5.0,oriental pratincole,oripra
,nan,nan,
Great Skua,3.0,great skua,gresku1
South Polar Skua,2.0,south polar skua,sopsku1
Pomarine Jaeger,1.0,pomarine jaeger,pomjae
Parasitic Jaeger,1.0,parasitic jaeger,parjae
Long-tailed Jaeger,1.0,long tailed jaeger,lotjae
,nan,nan,
Dovekie,2.0,dovekie,doveki
Common Murre,1.0,common murre,commur
Thick-billed Murre,1.0,thick billed murre,thbmur
Razorbill,1.0,razorbill,razorb
"Great Auk (extinct, 1844)",6.0,great auk,greauk
Black Guillemot,1.0,black guillemot,blkgui1
Pigeon Guillemot,1.0,pigeon guillemot,piggui1
Long-billed Murrelet,4.0,long billed murrelet,lobmur
Marbled Murrelet,1.0,marbled murrelet,marmur
Kittlitz's Murrelet,2.0,kittlitz s murrelet,kitmur
Scripps's Murrelet,2.0,scripps s murrelet,xanmur2
Guadalupe Murrelet,3.0,guadalupe murrelet,xanmur1
Craveri's Murrelet,2.0,craveri s murrelet,cramur
Ancient Murrelet,2.0,ancient murrelet,ancmur
Cassin's Auklet,1.0,cassin s auklet,casauk
Parakeet Auklet,2.0,parakeet auklet,parauk
Least Auklet,2.0,least auklet,leaauk
Whiskered Auklet,2.0,whiskered auklet,whiauk
Crested Auklet,2.0,crested auklet,creauk
Rhinoceros Auklet,1.0,rhinoceros auklet,rhiauk
Atlantic Puffin,1.0,atlantic puffin,atlpuf
Horned Puffin,1.0,horned puffin,horpuf
Tufted Puffin,1.0,tufted puffin,tufpuf
,nan,nan,
Brown Noddy,2.0,brown noddy,brnnod
Black Noddy,2.0,black noddy,blknod2
Blue-gray Noddy,3.0,blue gray noddy,bugnod
Blue-billed White-Tern,2.0,blue billed white tern,
Little White-Tern,5.0,little white tern,
Sooty Tern,2.0,sooty tern,sooter1
Gray-backed Tern,2.0,gray backed tern,gybter1
Bridled Tern,2.0,bridled tern,briter1
Aleutian Tern,2.0,aleutian tern,aleter1
Little Tern,4.0,little tern,litter1
Least Tern,1.0,least tern,leater1
Large-billed Tern,5.0,large billed tern,labter1
Gull-billed Tern,1.0,gull billed tern,gubter2
Caspian Tern,1.0,caspian tern,caster1
Inca Tern,5.0,inca tern,incter1
Black Tern,1.0,black tern,blkter2
White-winged Tern,4.0,white winged tern,whwter
Whiskered Tern,5.0,whiskered tern,whiter2
Roseate Tern,2.0,roseate tern,roster
Common Tern,1.0,common tern,comter3
Arctic Tern,1.0,arctic tern,arcter
Forster's Tern,1.0,forster s tern,forter
Royal Tern,1.0,royal tern,royter1
Great Crested Tern,5.0,great crested tern,grcter1
Sandwich Tern,1.0,sandwich tern,santer5
Elegant Tern,1.0,elegant tern,eleter1
Black Skimmer,1.0,black skimmer,blkski3
Swallow-tailed Gull,5.0,swallow tailed gull,swtgul1
Black-legged Kittiwake,1.0,black legged kittiwake,bklkit2
Red-legged Kittiwake,2.0,red legged kittiwake,relkit
Ivory Gull,3.0,ivory gull,ivogul
Sabine's Gull,1.0,sabine s gull,sabgul
Bonaparte's Gull,1.0,bonaparte s gull,bongul
Gray-hooded Gull,5.0,gray hooded gull,grhgul
Black-headed Gull,2.0,black headed gull,bkhgul
Little Gull,2.0,little gull,litgul
Ross's Gull,3.0,ross s gull,rosgul
Gray Gull,5.0,gray gull,grygul
Laughing Gull,1.0,laughing gull,laugul
Franklin's Gull,1.0,franklin s gull,fragul
Pallas's Gull,5.0,pallas s gull,gbhgul2
Belcher's Gull,5.0,belcher s gull,belgul
Black-tailed Gull,4.0,black tailed gull,bktgul
Heermann's Gull,1.0,heermann s gull,heegul
Common Gull,3.0,common gull,kamgul1
Short-billed Gull,1.0,short billed gull,mewgul2
Ring-billed Gull,1.0,ring billed gull,ribgul
Western Gull,1.0,western gull,wesgul
Yellow-footed Gull,2.0,yellow footed gull,yefgul
California Gull,1.0,california gull,calgul2
European Herring Gull,5.0,european herring gull,euhgul1
Vega Gull,3.0,vega gull,veggul1
American Herring Gull,1.0,american herring gull,amhgul1
Yellow-legged Gull,4.0,yellow legged gull,yelgul3
Iceland Gull,1.0,iceland gull,x00435
Lesser Black-backed Gull,2.0,lesser black backed gull,lbbgul6
Slaty-backed Gull,3.0,slaty backed gull,slbgul
Glaucous-winged Gull,1.0,glaucous winged gull,glwgul
Glaucous Gull,1.0,glaucous gull,glagul
Great Black-backed Gull,1.0,great black backed gull,gbbgul
Kelp Gull,4.0,kelp gull,kelgul5
,nan,nan,
White-tailed Tropicbird,2.0,white tailed tropicbird,whttro5
Red-billed Tropicbird,3.0,red billed tropicbird,rebtro
Red-tailed Tropicbird,2.0,red tailed tropicbird,rettro
,nan,nan,
Red-throated Loon,1.0,red throated loon,retloo
Arctic Loon,3.0,arctic loon,arcloo
Pacific Loon,1.0,pacific loon,pacloo
Common Loon,1.0,common loon,comloo
Yellow-billed Loon,2.0,yellow billed loon,yebloo
,nan,nan,
Atlantic Yellow-nosed (Yellow-nosed) Albatross,4.0,atlantic yellow nosed albatross,yenalb2
White-capped Albatross,4.0,white capped albatross,whcalb3
Chatham Albatross,5.0,chatham albatross,shyalb2
Salvin's Albatross,5.0,salvin s albatross,salalb1
Black-browed Albatross,4.0,black browed albatross,bkbalb2
Light-mantled Albatross,5.0,light mantled albatross,limalb1
Wandering Albatross (sp.),5.0,wandering albatross,
Laysan Albatross,2.0,laysan albatross,layalb
Black-footed Albatross,1.0,black footed albatross,bkfalb
Short-tailed Albatross,3.0,short tailed albatross,shtalb
,nan,nan,
Wilson's Storm-Petrel,1.0,wilson s storm petrel,wilstp1
White-faced Storm-Petrel,3.0,white faced storm petrel,wfspet
Black-bellied Storm-Petrel,5.0,black bellied storm petrel,bkbstp2
,nan,nan,
European Storm-Petrel,4.0,european storm petrel,eurstp2
Fork-tailed Storm-Petrel,2.0,fork tailed storm petrel,ftspet
Ringed Storm-Petrel,5.0,ringed storm petrel,rispet1
Swinhoe's Storm-Petrel,5.0,swinhoe s storm petrel,swspet
Leach's Storm-Petrel,1.0,leach s storm petrel,leastp4
Townsend's Storm-Petrel,3.0,townsend s storm petrel,leastp5
Ainley's Storm-Petrel,5.0,ainley s storm petrel,leastp2
Ashy Storm-Petrel,2.0,ashy storm petrel,asspet
Band-rumped Storm-Petrel,2.0,band rumped storm petrel,barstp5
Wedge-rumped Storm-Petrel,4.0,wedge rumped storm petrel,wrspet
Black Storm-Petrel,1.0,black storm petrel,bkspet
Tristram's Storm-Petrel,3.0,tristram s storm petrel,trspet
Least Storm-Petrel,2.0,least storm petrel,lsspet
,nan,nan,
Northern Giant-Petrel,5.0,northern giant petrel,norgip1
Northern Fulmar,1.0,northern fulmar,norful3
Gray-faced Petrel,5.0,gray faced petrel,grwpet2
Providence Petrel,4.0,providence petrel,solpet1
Kermadec Petrel,4.0,kermadec petrel,kerpet
Trindade Petrel,3.0,trindade petrel,tripet1
Herald Petrel,4.0,herald petrel,herpet2
Murphy's Petrel,3.0,murphy s petrel,murpet
Mottled Petrel,2.0,mottled petrel,motpet
Bermuda Petrel,3.0,bermuda petrel,berpet
Black-capped Petrel,2.0,black capped petrel,bkcpet3
Juan Fernandez Petrel,3.0,juan fernandez petrel,jufpet
Hawaiian Petrel,2.0,hawaiian petrel,hawpet1
White-necked Petrel,3.0,white necked petrel,whnpet
Bonin Petrel,3.0,bonin petrel,bonpet
Black-winged Petrel,3.0,black winged petrel,bkwpet
Fea's Petrel,3.0,fea s petrel,feapet2
Zino's Petrel,5.0,zino s petrel,madpet
Cook's Petrel,3.0,cook s petrel,coopet
Stejneger's Petrel,4.0,stejneger s petrel,stepet
Tahiti Petrel,5.0,tahiti petrel,tahpet1
Bulwer's Petrel,3.0,bulwer s petrel,bulpet
Jouanin's Petrel,5.0,jouanin s petrel,joupet
White-chinned Petrel,5.0,white chinned petrel,whcpet1
Parkinson's Petrel,5.0,parkinson s petrel,parpet1
Streaked Shearwater,4.0,streaked shearwater,strshe
Scopoli's Shearwater,2.0,scopoli s shearwater,scoshe1
Cory's Shearwater,1.0,cory s shearwater,corshe1
Cape Verde Shearwater,5.0,cape verde shearwater,cavshe1
Wedge-tailed Shearwater,2.0,wedge tailed shearwater,wetshe
Buller's Shearwater,2.0,buller s shearwater,bulshe
Short-tailed Shearwater,2.0,short tailed shearwater,shtshe
Sooty Shearwater,1.0,sooty shearwater,sooshe
Great Shearwater,1.0,great shearwater,greshe
Pink-footed Shearwater,1.0,pink footed shearwater,pifshe
Flesh-footed Shearwater,3.0,flesh footed shearwater,flfshe
Christmas Shearwater,3.0,christmas shearwater,chrshe
Manx Shearwater,2.0,manx shearwater,manshe
Newell's Shearwater,2.0,newell s shearwater,towshe2
Bryan's Shearwater,5.0,bryan s shearwater,bryshe1
Black-vented Shearwater,1.0,black vented shearwater,bkvshe
Sargasso Shearwater,1.0,sargasso shearwater,audshe
Barolo Shearwater,4.0,barolo shearwater,litshe1
,nan,nan,
Jabiru,4.0,jabiru,jabiru
Wood Stork,1.0,wood stork,woosto
,nan,nan,
Lesser Frigatebird,4.0,lesser frigatebird,lesfri2
Magnificent Frigatebird,1.0,magnificent frigatebird,magfri2
Great Frigatebird,2.0,great frigatebird,grefri
,nan,nan,
Masked Booby,2.0,masked booby,masboo
Nazca Booby,3.0,nazca booby,nazboo1
Blue-footed Booby,4.0,blue footed booby,bfoboo
Brown Booby,2.0,brown booby,brnboo3
Cocos Booby,2.0,cocos booby,brnboo4
Red-footed Booby,2.0,red footed booby,refboo3
Northern Gannet,1.0,northern gannet,norgan
,nan,nan,
Anhinga,1.0,anhinga,anhing
,nan,nan,
Brandt's Cormorant,1.0,brandt s cormorant,bracor
Red-faced Cormorant,2.0,red faced cormorant,refcor
Pelagic Cormorant,1.0,pelagic cormorant,pelcor
Great Cormorant,1.0,great cormorant,grecor4
Double-crested Cormorant,1.0,double crested cormorant,doccor
Neotropic Cormorant,1.0,neotropic cormorant,neocor
,nan,nan,
White Ibis,1.0,white ibis,whiibi
Scarlet Ibis,5.0,scarlet ibis,scaibi
Glossy Ibis,1.0,glossy ibis,gloibi
White-faced Ibis,1.0,white faced ibis,whfibi
Roseate Spoonbill,1.0,roseate spoonbill,rosspo1
,nan,nan,
American White Pelican,1.0,american white pelican,amwpel
Brown Pelican,1.0,brown pelican,brnpel4
,nan,nan,
Bare-throated Tiger-Heron,5.0,bare throated tiger heron,btther1
Least Bittern,1.0,least bittern,leabit8
American Bittern,1.0,american bittern,amebit
Yellow Bittern,5.0,yellow bittern,yelbit
Little Blue Heron,1.0,little blue heron,libher
Tricolored Heron,1.0,tricolored heron,triher
Reddish Egret,1.0,reddish egret,redegr
Chinese Egret,5.0,chinese egret,chiegr
Snowy Egret,1.0,snowy egret,snoegr
Little Egret,4.0,little egret,litegr2
Western Reef-Heron,5.0,western reef heron,wesreh2
Black-crowned Night Heron,1.0,black crowned night heron,bkcnih3
Yellow-crowned Night Heron,1.0,yellow crowned night heron,yecnih2
Green Heron,1.0,green heron,grnher3
Chinese Pond-Heron,5.0,chinese pond heron,chpher1
Great Egret,1.0,great egret,greegr3
Medium Egret,5.0,medium egret,integr1
Western Cattle-Egret,1.0,western cattle egret,categr1
Eastern Cattle-Egret,5.0,eastern cattle egret,categr2
Gray Heron,4.0,gray heron,gryher2
Great Blue Heron,1.0,great blue heron,wurher
,nan,nan,
California Condor,2.0,california condor,calcon
Black Vulture,1.0,black vulture,blkvul
Turkey Vulture,1.0,turkey vulture,turvul3
,nan,nan,
Osprey,1.0,osprey,osprey4
,nan,nan,
White-tailed Kite,1.0,white tailed kite,whtkit
Hook-billed Kite,3.0,hook billed kite,hobkit3
Oriental Honey-buzzard,5.0,oriental honey buzzard,orihob10
Swallow-tailed Kite,1.0,swallow tailed kite,swtkit
Golden Eagle,1.0,golden eagle,goleag
Double-toothed Kite,5.0,double toothed kite,dotkit1
Chinese Sparrowhawk,5.0,chinese sparrowhawk,grfhaw1
Sharp-shinned Hawk,1.0,sharp shinned hawk,shshaw5
Eurasian Sparrowhawk,5.0,eurasian sparrowhawk,eurspa1
Cooper's Hawk,1.0,cooper s hawk,coohaw
American Goshawk,1.0,american goshawk,norgos
Hen Harrier,5.0,hen harrier,norhar1
Northern Harrier,1.0,northern harrier,norhar2
Western Marsh Harrier,5.0,western marsh harrier,wemhar1
Black Kite,5.0,black kite,blkkit3
Bald Eagle,1.0,bald eagle,baleag
White-tailed Eagle,4.0,white tailed eagle,whteag
Steller's Sea-Eagle,4.0,steller s sea eagle,stseag
Mississippi Kite,1.0,mississippi kite,miskit
Crane Hawk,5.0,crane hawk,crahaw3
Snail Kite,2.0,snail kite,snakit
Common Black Hawk,2.0,common black hawk,mabhaw1
Great Black Hawk,5.0,great black hawk,grbhaw3
Roadside Hawk,4.0,roadside hawk,roahaw4
Harris's Hawk,1.0,harris s hawk,harhaw2
White-tailed Hawk,2.0,white tailed hawk,whthaw
Gray Hawk,2.0,gray hawk,gryhaw2
Red-shouldered Hawk,1.0,red shouldered hawk,reshaw4
Broad-winged Hawk,1.0,broad winged hawk,brwhaw2
Hawaiian Hawk,2.0,hawaiian hawk,hawhaw
Short-tailed Hawk,2.0,short tailed hawk,shthaw
Swainson's Hawk,1.0,swainson s hawk,swahaw
Zone-tailed Hawk,2.0,zone tailed hawk,zothaw
Red-tailed Hawk,1.0,red tailed hawk,rethaw3
Rough-legged Hawk,1.0,rough legged hawk,rolhaw
Ferruginous Hawk,1.0,ferruginous hawk,ferhaw
Long-legged Buzzard,5.0,long legged buzzard,lolbuz3
,nan,nan,
American Barn Owl,1.0,american barn owl,barowl11
,nan,nan,
Oriental Scops-Owl,5.0,oriental scops owl,orisco2
Flammulated Owl,2.0,flammulated owl,flaowl
Whiskered Screech-Owl,2.0,whiskered screech owl,whsowl1
Western Screech-Owl,1.0,western screech owl,wessco2
Eastern Screech-Owl,1.0,eastern screech owl,eassco2
Great Horned Owl,1.0,great horned owl,grhowl
Snowy Owl,2.0,snowy owl,snoowl1
Northern Hawk Owl,2.0,northern hawk owl,nohowl2
Northern Pygmy-Owl,2.0,northern pygmy owl,norpyo3
Ferruginous Pygmy-Owl,3.0,ferruginous pygmy owl,ferpyo2
Elf Owl,2.0,elf owl,elfowl
Burrowing Owl,1.0,burrowing owl,burowl7
Spotted Owl,2.0,spotted owl,spoowl4
Barred Owl,1.0,barred owl,brdowl
Mottled Owl,5.0,mottled owl,motowl2
Great Gray Owl,2.0,great gray owl,grgowl2
Long-eared Owl,2.0,long eared owl,loeowl2
Stygian Owl,5.0,stygian owl,styowl1
Short-eared Owl,1.0,short eared owl,sheowl6
Boreal Owl,2.0,boreal owl,borowl2
Northern Saw-whet Owl,2.0,northern saw whet owl,nswowl2
Northern Boobook,5.0,northern boobook,norboo1
,nan,nan,
Elegant Trogon,2.0,elegant trogon,eletro2
Eared Quetzal,4.0,eared quetzal,earque
,nan,nan,
Eurasian(Common) Hoopoe,5.0,eurasian hoopoe,eurhoo2
,nan,nan,
Ringed Kingfisher,2.0,ringed kingfisher,rinkin4
Belted Kingfisher,1.0,belted kingfisher,belkin1
Amazon Kingfisher,5.0,amazon kingfisher,amakin1
Green Kingfisher,2.0,green kingfisher,grnkin
,nan,nan,
Eurasian Wryneck,5.0,eurasian wryneck,eurwry
Lewis's Woodpecker,1.0,lewis s woodpecker,lewwoo
Red-headed Woodpecker,1.0,red headed woodpecker,rehwoo
Acorn Woodpecker,1.0,acorn woodpecker,acowoo2
Gila Woodpecker,1.0,gila woodpecker,gilwoo
Golden-fronted Woodpecker,1.0,golden fronted woodpecker,gofwoo3
Red-bellied Woodpecker,1.0,red bellied woodpecker,rebwoo
Williamson's Sapsucker,1.0,williamson s sapsucker,wilsap
Yellow-bellied Sapsucker,1.0,yellow bellied sapsucker,yebsap
Red-naped Sapsucker,1.0,red naped sapsucker,rensap
Red-breasted Sapsucker,1.0,red breasted sapsucker,rebsap2
American Three-toed Woodpecker,2.0,american three toed woodpecker,attwoo4
Black-backed Woodpecker,2.0,black backed woodpecker,bkbwoo
Great Spotted Woodpecker,4.0,great spotted woodpecker,grswoo21
Downy Woodpecker,1.0,downy woodpecker,dowwoo3
Nuttall's Woodpecker,1.0,nuttall s woodpecker,nutwoo
Ladder-backed Woodpecker,1.0,ladder backed woodpecker,labwoo
Red-cockaded Woodpecker,2.0,red cockaded woodpecker,recwoo
Hairy Woodpecker,1.0,hairy woodpecker,haiwoo3
White-headed Woodpecker,1.0,white headed woodpecker,whhwoo
Arizona Woodpecker,2.0,arizona woodpecker,ariwoo
Northern Flicker,1.0,northern flicker,rxyfli
Gilded Flicker,2.0,gilded flicker,gilfli
Pileated Woodpecker,1.0,pileated woodpecker,pilwoo
"Ivory-billed Woodpecker (extinct, 1944)",6.0,ivory billed woodpecker,ivbwoo4
,nan,nan,
Collared Forest-Falcon,5.0,collared forest falcon,coffal1
Crested Caracara,2.0,crested caracara,soucar1
Yellow-headed Caracara,5.0,yellow headed caracara,yehcar1
Eurasian Kestrel,4.0,eurasian kestrel,eurkes5
American Kestrel,1.0,american kestrel,amekes6
Red-footed Falcon,5.0,red footed falcon,reffal1
Merlin,1.0,merlin,blkmer1
Eurasian Hobby,4.0,eurasian hobby,eurhob
Aplomado Falcon,3.0,aplomado falcon,aplfal
Bat Falcon,5.0,bat falcon,batfal1
Gyrfalcon,2.0,gyrfalcon,gyrfal
Peregrine Falcon,1.0,peregrine falcon,perfal20
Prairie Falcon,1.0,prairie falcon,prafal
,nan,nan,
Budgerigar (1975-2015),6.0,budgerigar,budger1
Monk Parakeet,2.0,monk parakeet,monpar2
"Carolina Parakeet (extinct, 1939)",6.0,carolina parakeet,carpar
Nanday Parakeet,2.0,nanday parakeet,bkhpar
Green Parakeet,2.0,green parakeet,grnpar3
Mitred Parakeet,2.0,mitred parakeet,mitpar2
Red-masked Parakeet,2.0,red masked parakeet,rempar
Thick-billed Parrot,5.0,thick billed parrot,thbpar
White-winged Parakeet,2.0,white winged parakeet,whwpar
Yellow-chevroned Parakeet,2.0,yellow chevroned parakeet,yecpar
Red-crowned Amazon,2.0,red crowned amazon,recpar
Lilac-crowned Amazon,2.0,lilac crowned amazon,licpar
Yellow-headed Amazon (1975-1982),6.0,yellow headed amazon,yehpar1
,nan,nan,
Rose-ringed Parakeet,2.0,rose ringed parakeet,rorpar
Rosy-faced Lovebird,2.0,rosy faced lovebird,roflov3
,nan,nan,
Masked Tityra,5.0,masked tityra,mastit1
Gray-collared Becard,5.0,gray collared becard,gycbec1
Rose-throated Becard,3.0,rose throated becard,rotbec
,nan,nan,
Northern Beardless-Tyrannulet,2.0,northern beardless tyrannulet,nobtyr
Greenish Elaenia,5.0,greenish elaenia,greela3
Small-billed Elaenia,5.0,small billed elaenia,smbela1
White-crested Elaenia,5.0,white crested elaenia,whcela3
Dusky-capped Flycatcher,2.0,dusky capped flycatcher,ducfly5
Ash-throated Flycatcher,1.0,ash throated flycatcher,astfly
Nutting's Flycatcher,4.0,nutting s flycatcher,nutfly2
Great Crested Flycatcher,1.0,great crested flycatcher,grcfly
Brown-crested Flycatcher,1.0,brown crested flycatcher,bncfly4
La Sagra's Flycatcher,3.0,la sagra s flycatcher,lasfly
Great Kiskadee,2.0,great kiskadee,grekis
Social Flycatcher,5.0,social flycatcher,socfly5
Sulphur-bellied Flycatcher,2.0,sulphur bellied flycatcher,subfly
Piratic Flycatcher,4.0,piratic flycatcher,pirfly1
Variegated Flycatcher,4.0,variegated flycatcher,varfly
Crowned Slaty Flycatcher,5.0,crowned slaty flycatcher,croslf1
Tropical Kingbird,2.0,tropical kingbird,trokin4
Couch's Kingbird,2.0,couch s kingbird,coukin
Cassin's Kingbird,1.0,cassin s kingbird,caskin
Thick-billed Kingbird,2.0,thick billed kingbird,thbkin
Western Kingbird,1.0,western kingbird,weskin
Eastern Kingbird,1.0,eastern kingbird,easkin
Gray Kingbird,2.0,gray kingbird,grykin
Loggerhead Kingbird,5.0,loggerhead kingbird,logkin2
Scissor-tailed Flycatcher,1.0,scissor tailed flycatcher,sctfly
Fork-tailed Flycatcher,3.0,fork tailed flycatcher,fotfly4
Tufted Flycatcher,4.0,tufted flycatcher,tuffly3
Olive-sided Flycatcher,1.0,olive sided flycatcher,olsfly
Greater Pewee,2.0,greater pewee,grepew2
Western Wood-Pewee,1.0,western wood pewee,wewpew
Eastern Wood-Pewee,1.0,eastern wood pewee,eawpew
Cuban Pewee,4.0,cuban pewee,cubpew1
Yellow-bellied Flycatcher,1.0,yellow bellied flycatcher,yebfly
Acadian Flycatcher,1.0,acadian flycatcher,acafly
Alder Flycatcher,1.0,alder flycatcher,aldfly
Willow Flycatcher,1.0,willow flycatcher,wilfly3
Least Flycatcher,1.0,least flycatcher,leafly
Hammond's Flycatcher,1.0,hammond s flycatcher,hamfly
Gray Flycatcher,1.0,gray flycatcher,gryfly
Dusky Flycatcher,1.0,dusky flycatcher,dusfly
Pine Flycatcher,5.0,pine flycatcher,pinfly1
Western Flycatcher,1.0,western flycatcher,x00770
Buff-breasted Flycatcher,2.0,buff breasted flycatcher,bubfly
Black Phoebe,1.0,black phoebe,blkpho2
Eastern Phoebe,1.0,eastern phoebe,easpho
Say's Phoebe,1.0,say s phoebe,saypho
Vermilion Flycatcher,1.0,vermilion flycatcher,verfly1
,nan,nan,
Black-capped Vireo,2.0,black capped vireo,bkcvir1
White-eyed Vireo,1.0,white eyed vireo,whevir2
Thick-billed Vireo,4.0,thick billed vireo,thbvir
Cuban Vireo,5.0,cuban vireo,cubvir1
Bell's Vireo,1.0,bell s vireo,belvir3
Gray Vireo,2.0,gray vireo,gryvir
Hutton's Vireo,1.0,hutton s vireo,hutvir2
Yellow-throated Vireo,1.0,yellow throated vireo,yetvir
Cassin's Vireo,1.0,cassin s vireo,casvir2
Blue-headed Vireo,1.0,blue headed vireo,buhvir
Plumbeous Vireo,1.0,plumbeous vireo,pluvir2
Philadelphia Vireo,1.0,philadelphia vireo,phivir
Western Warbling-Vireo,1.0,western warbling vireo,
Eastern Warbling-Vireo,1.0,eastern warbling vireo,
Red-eyed Vireo,1.0,red eyed vireo,reevir1
Yellow-green Vireo,3.0,yellow green vireo,yegvir2
Black-whiskered Vireo,2.0,black whiskered vireo,bkwvir
Yucatan Vireo,5.0,yucatan vireo,yucvir
,nan,nan,
Kauai Elepaio,2.0,kauai elepaio,elepai5
Oahu Elepaio,2.0,oahu elepaio,elepai4
Hawaii Elepaio,2.0,hawaii elepaio,elepai2
,nan,nan,
Brown Shrike,4.0,brown shrike,brnshr3
Red-backed Shrike,5.0,red backed shrike,rebshr1
Loggerhead Shrike,1.0,loggerhead shrike,logshr
Northern Shrike,1.0,northern shrike,norshr3
,nan,nan,
Canada Jay,1.0,canada jay,gryjay3
Brown Jay,4.0,brown jay,brnjay
Green Jay,2.0,green jay,grnjay2
Pinyon Jay,1.0,pinyon jay,pinjay
Steller's Jay,1.0,steller s jay,stejay3
Blue Jay,1.0,blue jay,blujay
Florida Scrub-Jay,2.0,florida scrub jay,flsjay
Island Scrub-Jay,2.0,island scrub jay,issjay
California Scrub-Jay,1.0,california scrub jay,cowscj1
Woodhouse's Scrub-Jay,1.0,woodhouse s scrub jay,wesscj1
Mexican Jay,2.0,mexican jay,mexjay5
Clark's Nutcracker,1.0,clark s nutcracker,clanut
Black-billed Magpie,1.0,black billed magpie,bkbmag1
Yellow-billed Magpie,2.0,yellow billed magpie,yebmag
Eurasian Jackdaw,4.0,eurasian jackdaw,eurjac
American Crow,1.0,american crow,amecro
Tamaulipas Crow,4.0,tamaulipas crow,tamcro
Fish Crow,1.0,fish crow,fiscro
Hawaiian Crow,6.0,hawaiian crow,hawcro
Chihuahuan Raven,1.0,chihuahuan raven,chirav
Common Raven,1.0,common raven,comrav
,nan,nan,
Verdin,1.0,verdin,verdin
,nan,nan,
Carolina Chickadee,1.0,carolina chickadee,carchi
Black-capped Chickadee,1.0,black capped chickadee,bkcchi
Mountain Chickadee,1.0,mountain chickadee,mouchi4
Mexican Chickadee,2.0,mexican chickadee,mexchi
Chestnut-backed Chickadee,1.0,chestnut backed chickadee,chbchi
Boreal Chickadee,1.0,boreal chickadee,borchi2
Gray-headed Chickadee,3.0,gray headed chickadee,gyhchi
Bridled Titmouse,2.0,bridled titmouse,britit
Oak Titmouse,1.0,oak titmouse,oaktit
Juniper Titmouse,1.0,juniper titmouse,juntit1
Tufted Titmouse,1.0,tufted titmouse,tuftit
Black-crested Titmouse,2.0,black crested titmouse,blctit4
,nan,nan,
Eurasian Skylark,2.0,eurasian skylark,eursky1
Horned Lark,1.0,horned lark,horlar11
,nan,nan,
Thick-billed Warbler,5.0,thick billed warbler,thbwar1
Icterine Warbler,5.0,icterine warbler,ictwar1
Millerbird,3.0,millerbird,miller2
Sedge Warbler,5.0,sedge warbler,sedwar1
Blyth's Reed Warbler,5.0,blyth s reed warbler,blrwar1
,nan,nan,
Pallas's Grasshopper Warbler,5.0,pallas s grasshopper warbler,pagwar1
Middendorff's Grasshopper Warbler,4.0,middendorff s grasshopper warbler,migwar
Lanceolated Warbler,4.0,lanceolated warbler,lanwar
River Warbler,5.0,river warbler,eurwar2
,nan,nan,
Bank Swallow,1.0,bank swallow,banswa
Tree Swallow,1.0,tree swallow,treswa
Bahama Swallow,4.0,bahama swallow,bahswa
Violet-green Swallow,1.0,violet green swallow,vigswa
Mangrove Swallow,5.0,mangrove swallow,manswa1
Blue-and-white Swallow,5.0,blue and white swallow,bawswa4
Northern Rough-winged Swallow,1.0,northern rough winged swallow,nrwswa2
Brown-chested Martin,4.0,brown chested martin,bncmar2
Purple Martin,1.0,purple martin,purmar2
Southern Martin,5.0,southern martin,soumar
Gray-breasted Martin,5.0,gray breasted martin,gybmar
Cuban Martin,5.0,cuban martin,cubmar
Barn Swallow,1.0,barn swallow,barswa5
Siberian House-Martin,4.0,siberian house martin,comhom2
Cliff Swallow,1.0,cliff swallow,cliswa3
Cave Swallow,1.0,cave swallow,cavswa4
,nan,nan,
Bushtit,1.0,bushtit,bkebus
,nan,nan,
Japanese Bush Warbler,2.0,japanese bush warbler,jabwar6
,nan,nan,
Willow Warbler,4.0,willow warbler,wlwwar
Common Chiffchaff,4.0,common chiffchaff,comchi4
Wood Warbler,4.0,wood warbler,woowar
Dusky Warbler,4.0,dusky warbler,duswar
Pallas's Leaf Warbler,5.0,pallas s leaf warbler,palwar5
Yellow-browed Warbler,4.0,yellow browed warbler,yebwar3
Arctic Warbler,2.0,arctic warbler,arcwar1
Kamchatka Leaf Warbler,4.0,kamchatka leaf warbler,arcwar2
,nan,nan,
Red-vented Bulbul,2.0,red vented bulbul,revbul
Red-whiskered Bulbul,2.0,red whiskered bulbul,rewbul
,nan,nan,
Lesser Whitethroat,5.0,lesser whitethroat,y01049
Wrentit,1.0,wrentit,wrenti
,nan,nan,
Warbling White-eye,2.0,warbling white eye,warwhe1
,nan,nan,
Greater Necklaced Laughingthrush,2.0,greater necklaced laughingthrush,gnlthr
Chinese Hwamei (Hwamei),2.0,chinese hwamei,melthr
Red-billed Leiothrix,2.0,red billed leiothrix,reblei
,nan,nan,
Ruby-crowned Kinglet,1.0,ruby crowned kinglet,ruckin
Golden-crowned Kinglet,1.0,golden crowned kinglet,gockin
,nan,nan,
Bohemian Waxwing,2.0,bohemian waxwing,bohwax
Cedar Waxwing,1.0,cedar waxwing,cedwax
,nan,nan,
Gray Silky-flycatcher,5.0,gray silky flycatcher,grsfly1
Phainopepla,1.0,phainopepla,phaino
,nan,nan,
Kauai Oo,6.0,kauai oo,kauoo
Oahu Oo,6.0,oahu oo,oahoo
Bishop's Oo,6.0,bishop s oo,bisoo
Hawaii Oo,6.0,hawaii oo,hawoo
Kioea,6.0,kioea,kioea
,nan,nan,
Red-breasted Nuthatch,1.0,red breasted nuthatch,rebnut
White-breasted Nuthatch,1.0,white breasted nuthatch,whbnut4
Pygmy Nuthatch,1.0,pygmy nuthatch,pygnut
Brown-headed Nuthatch,1.0,brown headed nuthatch,bnhnut
,nan,nan,
Brown Creeper,1.0,brown creeper,brncre4
,nan,nan,
Blue-gray Gnatcatcher,1.0,blue gray gnatcatcher,buggna3
Black-tailed Gnatcatcher,1.0,black tailed gnatcatcher,bktgna
California Gnatcatcher,2.0,california gnatcatcher,calgna
Black-capped Gnatcatcher,3.0,black capped gnatcatcher,bkcgna
,nan,nan,
Rock Wren,1.0,rock wren,rocwre2
Canyon Wren,1.0,canyon wren,canwre
Sinaloa Wren,5.0,sinaloa wren,sinwre1
Cactus Wren,1.0,cactus wren,cacwre1
Bewick's Wren,1.0,bewick s wren,bewwre1
Carolina Wren,1.0,carolina wren,carwre2
Northern House Wren,1.0,northern house wren,bntwre1
Pacific Wren,1.0,pacific wren,winwre2
Winter Wren,1.0,winter wren,winwre3
Sedge Wren,1.0,sedge wren,sedwre1
Marsh Wren,1.0,marsh wren,marwre4
,nan,nan,
Blue Mockingbird,5.0,blue mockingbird,blumoc
Gray Catbird,1.0,gray catbird,grycat
Curve-billed Thrasher,1.0,curve billed thrasher,cubthr2
Brown Thrasher,1.0,brown thrasher,brnthr
Long-billed Thrasher,2.0,long billed thrasher,lobthr
Bendire's Thrasher,2.0,bendire s thrasher,benthr
California Thrasher,2.0,california thrasher,calthr
LeConte's Thrasher,2.0,leconte s thrasher,lecthr2
Crissal Thrasher,2.0,crissal thrasher,crithr
Sage Thrasher,1.0,sage thrasher,sagthr
Bahama Mockingbird,4.0,bahama mockingbird,bahmoc
Northern Mockingbird,1.0,northern mockingbird,normoc
,nan,nan,
European Starling,1.0,european starling,eursta
Common Myna,2.0,common myna,commyn
Crested Myna (1969-2003),6.0,crested myna,cremyn
,nan,nan,
American Dipper,1.0,american dipper,amedip2
,nan,nan,
Eastern Bluebird,1.0,eastern bluebird,easblu2
Western Bluebird,1.0,western bluebird,wesblu
Mountain Bluebird,1.0,mountain bluebird,moublu
Townsend's Solitaire,1.0,townsend s solitaire,towsol
Brown-backed Solitaire,5.0,brown backed solitaire,brbsol1
Kamao,6.0,kamao,kamao
Amaui,6.0,amaui,amaui
Olomao,6.0,olomao,olomao
Omao,2.0,omao,omao
Puaiohi,2.0,puaiohi,puaioh
Orange-billed Nightingale-Thrush,5.0,orange billed nightingale thrush,orbnit3
Black-headed Nightingale-Thrush,5.0,black headed nightingale thrush,bhnthr1
Veery,1.0,veery,veery
Gray-cheeked Thrush,1.0,gray cheeked thrush,gycthr
Bicknell's Thrush,2.0,bicknell s thrush,bicthr
Swainson's Thrush,1.0,swainson s thrush,swathr2
Hermit Thrush,1.0,hermit thrush,herthr3
Wood Thrush,1.0,wood thrush,woothr
Mistle Thrush,5.0,mistle thrush,misthr1
Eurasian Blackbird,5.0,eurasian blackbird,eurbla
Eyebrowed Thrush,3.0,eyebrowed thrush,eyethr
Dusky Thrush,4.0,dusky thrush,dusthr2
Naumann's Thrush,5.0,naumann s thrush,dusthr1
Fieldfare,4.0,fieldfare,fieldf
Redwing,4.0,redwing,redwin2
Song Thrush,5.0,song thrush,sonthr1
Clay-colored Thrush,2.0,clay colored thrush,clcrob
White-throated Thrush,4.0,white throated thrush,whtthr2
Rufous-backed Robin,3.0,rufous backed robin,rubrob2
American Robin,1.0,american robin,amerob2
Red-legged Thrush,5.0,red legged thrush,relthr3
Varied Thrush,1.0,varied thrush,varthr
Aztec Thrush,4.0,aztec thrush,aztthr
,nan,nan,
Gray-streaked Flycatcher,4.0,gray streaked flycatcher,gysfly1
Asian Brown Flycatcher,4.0,asian brown flycatcher,asbfly3
Spotted Flycatcher,5.0,spotted flycatcher,spofly3
Dark-sided Flycatcher,4.0,dark sided flycatcher,dasfly5
White-rumped Shama,2.0,white rumped shama,whrsha3
European Robin,5.0,european robin,eurrob1
Siberian Blue Robin,5.0,siberian blue robin,sibrob
Rufous-tailed Robin,4.0,rufous tailed robin,rutrob1
Bluethroat,2.0,bluethroat,blueth3
Siberian Rubythroat,3.0,siberian rubythroat,sibrub
Red-flanked Bluetail,4.0,red flanked bluetail,refblu1
Narcissus Flycatcher,5.0,narcissus flycatcher,narfly2
Mugimaki Flycatcher,5.0,mugimaki flycatcher,mugfly
Taiga Flycatcher,4.0,taiga flycatcher,taifly1
Common Redstart,5.0,common redstart,comred6
Rufous-tailed Rock-Thrush (Rock-thrush),5.0,rufous tailed rock thrush,rtrthr1
Blue Rock-Thrush (Rock-thrush),5.0,blue rock thrush,blurot4
Amur (Asian) Stonechat,4.0,amur stonechat,stonec7
Northern Wheatear,2.0,northern wheatear,norwhe1
Pied Wheatear,5.0,pied wheatear,piewhe2
,nan,nan,
Olive Warbler,2.0,olive warbler,oliwar
,nan,nan,
African Silverbill,2.0,african silverbill,afrsil1
Java Sparrow,2.0,java sparrow,javspa
Scaly-breasted Munia,2.0,scaly breasted munia,scbmun2
Tricolored Munia,4.0,tricolored munia,trimun2
Chestnut Munia,2.0,chestnut munia,chemun2
Red Avadavat,2.0,red avadavat,redava2
Lavender Waxbill ,2.0,lavender waxbill,lavwax
Common Waxbill,2.0,common waxbill,comwax
,nan,nan,
Siberian Accentor,4.0,siberian accentor,sibacc
,nan,nan,
House Sparrow,1.0,house sparrow,houspa14
Eurasian Tree Sparrow,2.0,eurasian tree sparrow,eutspa
,nan,nan,
Eastern Yellow Wagtail,2.0,eastern yellow wagtail,weywag9
Citrine Wagtail,5.0,citrine wagtail,citwag2
Gray Wagtail,4.0,gray wagtail,grywag
White Wagtail,3.0,white wagtail,whiwag12
Tree Pipit,4.0,tree pipit,trepip
Olive-backed Pipit,3.0,olive backed pipit,olbpip
Pechora Pipit,4.0,pechora pipit,pecpip2
Red-throated Pipit,3.0,red throated pipit,retpip
Siberian Pipit,3.0,siberian pipit,sibpip1
American Pipit,1.0,american pipit,amepip
Sprague's Pipit,2.0,sprague s pipit,sprpip
,nan,nan,
Common Chaffinch,4.0,common chaffinch,comcha
Brambling,3.0,brambling,brambl
Evening Grosbeak,1.0,evening grosbeak,evegro5
Hawfinch,4.0,hawfinch,hawfin
Common Rosefinch,4.0,common rosefinch,comros
Pallas's Rosefinch,5.0,pallas s rosefinch,palros2
Poo-uli,6.0,poo uli,poouli
Akikiki,2.0,akikiki,akikik
Oahu Alauahio,6.0,oahu alauahio,oahala
Kakawahie,6.0,kakawahie,kakawa
Maui Alauahio,2.0,maui alauahio,mauala
Palila,2.0,palila,palila
Laysan Finch,3.0,laysan finch,layfin
Nihoa Finch,3.0,nihoa finch,nihfin
Kona Grosbeak,6.0,kona grosbeak,kongro
Lesser Koa-Finch,6.0,lesser koa finch,lekfin
Greater Koa-Finch,6.0,greater koa finch,grkfin
Ula-ai-hawane,6.0,ula ai hawane,ulahaw
Akohekohe,2.0,akohekohe,crehon
Laysan Honeycreeper,6.0,laysan honeycreeper,apapan2
Apapane,2.0,apapane,apapan
Iiwi,2.0,iiwi,iiwi
Hawaii Mamo,6.0,hawaii mamo,hawmam1
Black Mamo,6.0,black mamo,blkmam
Ou,6.0,ou,ou
Lanai Hookbill,6.0,lanai hookbill,lanhoo
Maui Parrotbill,2.0,maui parrotbill,maupar
Kauai Nukupuu,6.0,kauai nukupuu,nukupu2
Oahu Nukupuu,6.0,oahu nukupuu,nukupu3
Maui Nukupuu,6.0,maui nukupuu,nukupu1
Akiapolaau,2.0,akiapolaau,akiapo
Lesser Akialoa,6.0,lesser akialoa,lesaki
Kauai Akialoa,6.0,kauai akialoa,greaki4
Oahu Akialoa,6.0,oahu akialoa,greaki2
Maui-nui Akialoa,6.0,maui nui akialoa,greaki3
Anianiau,2.0,anianiau,aniani
Hawaii Amakihi,2.0,hawaii amakihi,hawama2
Oahu Amakihi,2.0,oahu amakihi,oahama
Kauai Amakihi,2.0,kauai amakihi,kauama
Greater Amakihi,6.0,greater amakihi,greama
Hawaii Creeper,2.0,hawaii creeper,hawcre
Akekee,2.0,akekee,akekee
Oahu Akepa,6.0,oahu akepa,akepa2
Maui Akepa,6.0,maui akepa,akepa3
Hawaii Akepa,2.0,hawaii akepa,akepa1
Pine Grosbeak,1.0,pine grosbeak,pingro6
Eurasian Bullfinch,4.0,eurasian bullfinch,eurbul3
Asian Rosy-Finch,5.0,asian rosy finch,asirof7
Gray-crowned Rosy-Finch,1.0,gray crowned rosy finch,gycrof5
Black Rosy-Finch,2.0,black rosy finch,bkrfin
Brown-capped Rosy-Finch,2.0,brown capped rosy finch,bcrfin
House Finch,1.0,house finch,houfin2
Purple Finch,1.0,purple finch,purfin2
Cassin's Finch,1.0,cassin s finch,casfin
Oriental Greenfinch,4.0,oriental greenfinch,origre6
Yellow-fronted Canary,2.0,yellow fronted canary,yefcan
Redpoll,1.0,redpoll,redpol
Red Crossbill,1.0,red crossbill,redcro39
Cassia Crossbill,2.0,cassia crossbill,redcro9
White-winged Crossbill,2.0,white winged crossbill,whwcro2
European Goldfinch,2.0,european goldfinch,eurgol
Eurasian Siskin,5.0,eurasian siskin,eursis
Pine Siskin,1.0,pine siskin,pinsis3
Lesser Goldfinch,1.0,lesser goldfinch,lesgol
Lawrence's Goldfinch,2.0,lawrence s goldfinch,lawgol
American Goldfinch,1.0,american goldfinch,amegfi
Island Canary,3.0,island canary,islcan1
,nan,nan,
Lapland Longspur,1.0,lapland longspur,laplon
Chestnut-collared Longspur,1.0,chestnut collared longspur,chclon
Smith's Longspur,2.0,smith s longspur,smilon
Thick-billed Longspur,2.0,thick billed longspur,mcclon
Snow Bunting,1.0,snow bunting,snobun
McKay's Bunting,3.0,mckay s bunting,mckbun
,nan,nan,
Pine Bunting,5.0,pine bunting,pinbun
Yellow-browed Bunting,5.0,yellow browed bunting,yebbun1
Little Bunting,4.0,little bunting,litbun
Rustic Bunting,3.0,rustic bunting,rusbun
Yellow-throated Bunting,5.0,yellow throated bunting,yetbun1
Yellow-breasted Bunting,4.0,yellow breasted bunting,yebbun
Gray Bunting,5.0,gray bunting,grybun
Pallas's Bunting,4.0,pallas s bunting,palbun
Reed Bunting,4.0,reed bunting,reebun
,nan,nan,
Rufous-winged Sparrow,2.0,rufous winged sparrow,ruwspa
Botteri's Sparrow,2.0,botteri s sparrow,botspa2
Cassin's Sparrow,1.0,cassin s sparrow,casspa
Bachman's Sparrow,1.0,bachman s sparrow,bacspa
Grasshopper Sparrow,1.0,grasshopper sparrow,graspa
Olive Sparrow,2.0,olive sparrow,olispa2
Five-striped Sparrow,2.0,five striped sparrow,fisspa
Black-throated Sparrow,1.0,black throated sparrow,bktspa
Lark Sparrow,1.0,lark sparrow,larspa
Lark Bunting,1.0,lark bunting,larbun
Chipping Sparrow,1.0,chipping sparrow,chispa
Clay-colored Sparrow,1.0,clay colored sparrow,clcspa
Black-chinned Sparrow,1.0,black chinned sparrow,bkcspa
Field Sparrow,1.0,field sparrow,fiespa
Brewer's Sparrow,1.0,brewer s sparrow,timspa3
Worthen's Sparrow,5.0,worthen s sparrow,worspa
Fox Sparrow,1.0,fox sparrow,foxspa20
American Tree Sparrow,1.0,american tree sparrow,amtspa
Dark-eyed Junco,1.0,dark eyed junco,daejun6
Yellow-eyed Junco,2.0,yellow eyed junco,yeejun4
White-crowned Sparrow,1.0,white crowned sparrow,pswspa1
Golden-crowned Sparrow,1.0,golden crowned sparrow,gocspa
Harris's Sparrow,1.0,harris s sparrow,harspa
White-throated Sparrow,1.0,white throated sparrow,whtspa
Bell's Sparrow,1.0,bell s sparrow,sagspa2
Sagebrush Sparrow,1.0,sagebrush sparrow,sagspa1
Vesper Sparrow,1.0,vesper sparrow,vesspa
LeConte's Sparrow,1.0,leconte s sparrow,lecspa
Seaside Sparrow,1.0,seaside sparrow,cssspa1
Nelson's Sparrow,1.0,nelson s sparrow,nstspa2
Saltmarsh Sparrow,1.0,saltmarsh sparrow,sstspa
Baird's Sparrow,2.0,baird s sparrow,baispa
Henslow's Sparrow,2.0,henslow s sparrow,henspa
Savannah Sparrow,1.0,savannah sparrow,labspa
Song Sparrow,1.0,song sparrow,sonspa3
Lincoln's Sparrow,1.0,lincoln s sparrow,linspa
Swamp Sparrow,1.0,swamp sparrow,swaspa
Canyon Towhee,1.0,canyon towhee,cantow
Abert's Towhee,1.0,abert s towhee,abetow
California Towhee,1.0,california towhee,caltow
Rufous-crowned Sparrow,1.0,rufous crowned sparrow,rucspa
Green-tailed Towhee,1.0,green tailed towhee,gnttow
Spotted Towhee,1.0,spotted towhee,spotow4
Eastern Towhee,1.0,eastern towhee,eastow2
,nan,nan,
Western Spindalis,3.0,western spindalis,wesspi6
,nan,nan,
Yellow-breasted Chat,1.0,yellow breasted chat,yebcha2
,nan,nan,
Yellow-headed Blackbird,1.0,yellow headed blackbird,yehbla
Bobolink,1.0,bobolink,boboli
Chihuahuan Meadowlark,1.0,chihuahuan meadowlark,lilmea2
Eastern Meadowlark,1.0,eastern meadowlark,easmea2
Western Meadowlark,1.0,western meadowlark,wesmea
Black-vented Oriole,4.0,black vented oriole,bkvori
Orchard Oriole,1.0,orchard oriole,orcori3
Hooded Oriole,1.0,hooded oriole,hooori3
Streak-backed Oriole,4.0,streak backed oriole,stbori2
Bullock's Oriole,1.0,bullock s oriole,bulori
Spot-breasted Oriole,2.0,spot breasted oriole,spbori
Altamira Oriole,2.0,altamira oriole,altori
Audubon's Oriole,2.0,audubon s oriole,audori2
Baltimore Oriole,1.0,baltimore oriole,balori
Black-backed Oriole,5.0,black backed oriole,blbori1
Scott's Oriole,1.0,scott s oriole,scoori
Red-winged Blackbird,1.0,red winged blackbird,rewbla3
Tricolored Blackbird,2.0,tricolored blackbird,tribla
Tawny-shouldered Blackbird,5.0,tawny shouldered blackbird,tasbla
Shiny Cowbird,3.0,shiny cowbird,shicow
Bronzed Cowbird,1.0,bronzed cowbird,brocow2
Brown-headed Cowbird,1.0,brown headed cowbird,bnhcow
Rusty Blackbird,1.0,rusty blackbird,rusbla
Brewer's Blackbird,1.0,brewer s blackbird,brebla
Common Grackle,1.0,common grackle,comgra2
Boat-tailed Grackle,1.0,boat tailed grackle,botgra3
Great-tailed Grackle,1.0,great tailed grackle,grtgra2
,nan,nan,
Ovenbird,1.0,ovenbird,ovenbi1
Worm-eating Warbler,1.0,worm eating warbler,woewar1
Louisiana Waterthrush,1.0,louisiana waterthrush,louwat
Northern Waterthrush,1.0,northern waterthrush,norwat
"Bachman's Warbler (extinct, 1937)",6.0,bachman s warbler,bacwar
Golden-winged Warbler,2.0,golden winged warbler,gowwar
Blue-winged Warbler,1.0,blue winged warbler,buwwar
Black-and-white Warbler,1.0,black and white warbler,bawwar
Prothonotary Warbler,1.0,prothonotary warbler,prowar
Swainson's Warbler,2.0,swainson s warbler,swawar
Crescent-chested Warbler,4.0,crescent chested warbler,crcwar
Tennessee Warbler,1.0,tennessee warbler,tenwar
Orange-crowned Warbler,1.0,orange crowned warbler,orcwar4
Colima Warbler,2.0,colima warbler,colwar
Lucy's Warbler,1.0,lucy s warbler,lucwar
Nashville Warbler,1.0,nashville warbler,naswar2
Virginia's Warbler,1.0,virginia s warbler,virwar
Connecticut Warbler,2.0,connecticut warbler,conwar
Gray-crowned Yellowthroat,4.0,gray crowned yellowthroat,gycyel
MacGillivray's Warbler,1.0,macgillivray s warbler,macwar
Mourning Warbler,1.0,mourning warbler,mouwar
Kentucky Warbler,1.0,kentucky warbler,kenwar
Common Yellowthroat,1.0,common yellowthroat,comyel4
Hooded Warbler,1.0,hooded warbler,hoowar
American Redstart,1.0,american redstart,amered
Kirtland's Warbler,2.0,kirtland s warbler,kirwar
Cape May Warbler,1.0,cape may warbler,camwar
Cerulean Warbler,2.0,cerulean warbler,cerwar
Northern Parula,1.0,northern parula,norpar
Tropical Parula,3.0,tropical parula,tropar9
Magnolia Warbler,1.0,magnolia warbler,magwar
Bay-breasted Warbler,1.0,bay breasted warbler,babwar
Blackburnian Warbler,1.0,blackburnian warbler,bkbwar
Yellow Warbler,1.0,yellow warbler,yelwar4
Chestnut-sided Warbler,1.0,chestnut sided warbler,chswar
Blackpoll Warbler,1.0,blackpoll warbler,bkpwar
Black-throated Blue Warbler,1.0,black throated blue warbler,btbwar
Palm Warbler,1.0,palm warbler,palwar4
Pine Warbler,1.0,pine warbler,pinwar
Yellow-rumped Warbler,1.0,yellow rumped warbler,yerwar2
Yellow-throated Warbler,1.0,yellow throated warbler,yetwar2
Prairie Warbler,1.0,prairie warbler,prawar
Grace's Warbler,1.0,grace s warbler,grawar
Black-throated Gray Warbler,1.0,black throated gray warbler,btywar
Townsend's Warbler,1.0,townsend s warbler,towwar
Hermit Warbler,1.0,hermit warbler,herwar
Golden-cheeked Warbler,2.0,golden cheeked warbler,gchwar
Black-throated Green Warbler,1.0,black throated green warbler,btnwar
Fan-tailed Warbler,4.0,fan tailed warbler,fatwar
Rufous-capped Warbler,3.0,rufous capped warbler,rucwar3
Golden-crowned Warbler,4.0,golden crowned warbler,whbwar1
Canada Warbler,1.0,canada warbler,canwar
Wilson's Warbler,1.0,wilson s warbler,wilwar3
Red-faced Warbler,2.0,red faced warbler,refwar
Painted Redstart,2.0,painted redstart,paired
Slate-throated Redstart,4.0,slate throated redstart,sltred
,nan,nan,
Hepatic Tanager,2.0,hepatic tanager,heptan3
Summer Tanager,1.0,summer tanager,sumtan
Scarlet Tanager,1.0,scarlet tanager,scatan
Western Tanager,1.0,western tanager,westan
Flame-colored Tanager,3.0,flame colored tanager,flctan
Crimson-collared Grosbeak,4.0,crimson collared grosbeak,crcgro
Northern Cardinal,1.0,northern cardinal,norcar2
Pyrrhuloxia,1.0,pyrrhuloxia,pyrrhu
Yellow Grosbeak,4.0,yellow grosbeak,yelgro1
Rose-breasted Grosbeak,1.0,rose breasted grosbeak,robgro
Black-headed Grosbeak,1.0,black headed grosbeak,bkhgro
Blue Bunting,4.0,blue bunting,blubun2
Blue Grosbeak,1.0,blue grosbeak,blugrb1
Lazuli Bunting,1.0,lazuli bunting,lazbun
Indigo Bunting,1.0,indigo bunting,indbun
Varied Bunting,2.0,varied bunting,varbun
Painted Bunting,1.0,painted bunting,paibun
Dickcissel,1.0,dickcissel,dickci
,nan,nan,
Red-crested Cardinal,2.0,red crested cardinal,reccar
Yellow-billed Cardinal,2.0,yellow billed cardinal,yebcar
Blue-gray Tanager (1969-1982),6.0,blue gray tanager,bugtan2
Saffron Finch,2.0,saffron finch,saffin2
Blue-black Grassquit,5.0,blue black grassquit,blbgra1
Red-legged Honeycreeper,4.0,red legged honeycreeper,relhon1
Bananaquit,4.0,bananaquit,banana5
Yellow-faced Grassquit,3.0,yellow faced grassquit,yefgra1
Black-faced Grassquit,4.0,black faced grassquit,bkfgra
Morelet's Seedeater,3.0,morelet s seedeater,morsee2
,nan,nan,
Mandarin Duck,nan,mandarin duck,manduc
Japanese Quail*,nan,japanese quail,japqua1
Golden Pheasant,nan,golden pheasant,golphe1
Silver Pheasant,nan,silver pheasant,silphe
Tanimbar Corella,nan,tanimbar corella,tancoc1
Red-lored Amazon,nan,red lored amazon,relpar4
Yellow-headed Amazon,nan,yellow headed amazon,yehpar1
White-fronted Amazon,nan,white fronted amazon,whfpar1
Orange-winged Parrot,nan,orange winged parrot,
Burrowing Parakeet,nan,burrowing parakeet,burpar2
Blue-and-yellow Macaw,nan,blue and yellow macaw,baymac
Chestnut-fronted Macaw,nan,chestnut fronted macaw,chfmac1
Blue-crowned Parakeet,nan,blue crowned parakeet,bucpar9
White-eyed Parakeet,nan,white eyed parakeet,whepar2
Great Tit,nan,great tit,turtit1
Swinhoe's White-eye,nan,swinhoe s white eye,swiwhe1
Northern Red Bishop,nan,northern red bishop,orabis1
Orange-cheeked Waxbill,nan,orange cheeked waxbill,orcwax
Pin-tailed Whydah,nan,pin tailed whydah,pitwhy
,nan,nan,
West Indian Whistling-Duck,nan,west indian whistling duck,wiwduc1
Ruddy Shelduck,nan,ruddy shelduck,rudshe
Azure Gallinule*,nan,azure gallinule,azugal1
Demoiselle Crane,nan,demoiselle crane,demcra1
Great White Pelican,nan,great white pelican,grwpel1
Variable Hawk*,nan,variable hawk,varhaw2
Cattle Tyrant,nan,cattle tyrant,cattyr
House Crow,nan,house crow,houcro1
Hooded Crow,nan,hooded crow,hoocro3
Black Catbird*,nan,black catbird,blacat1
Gray Thrasher,nan,gray thrasher,grathr1
Tropical Mockingbird,nan,tropical mockingbird,tromoc2
Rufous-collared Sparrow,nan,rufous collared sparrow,rucspa5
Striped Sparrow,nan,striped sparrow,strspa1
Lesson's Seedeater,nan,lesson s seedeater,lessee2
,nan,nan,
* Accepted outright by eBird,nan,accepted outright by ebird,
